{
    "legacy_addon_id": "",
    "title": "Rules",
    "description": "Easily create rules and group them into categories. Bring the power of law to your community!",
    "version_id": 1000070,
    "version_string": "1.0.0",
    "dev": "CMTV",
    "dev_url": "https://xenforo.com/community/members/cmtv.162075/",
    "faq_url": "",
    "support_url": "",
    "extra_urls": {
        "My addons & tutorials": "https://xenforo.com/community/resources/authors/cmtv.162075/"
    },
    "require": {
        "XF": [
            2010070,
            "XenForo 2.1"
        ],
        "php": [
            "7.0.0",
            "PHP 7+"
        ]
    },
    "icon": "fa-gavel"
}