{
    "js/CMTV/Rules/rule-highlighter.js": "5644cbd71d6534192e385111f26a38145d3743340de745afc9d7c84c30145dfa",
    "js/CMTV/Rules/rule-highlighter.min.js": "aff50c29fb01d411175a6203f87e36f146c84ab92e415a0a846ea1c6e67aa3a6",
    "src/addons/CMTV/Rules/addon.json": "0b188f6ef12047c6e767117c89373bf25cc3596afd313e701951f15aa9f0896b",
    "src/addons/CMTV/Rules/Admin/Controller/Rule.php": "dd1b04b35bb1acad1108be69f17e293f950e17c4ffd16b5e1ec19f82d5f4a965",
    "src/addons/CMTV/Rules/Admin/Controller/RuleCategory.php": "71c6009cd32cae6fc0e701d7ee5238acf498badaa9a61ffef33249dc7b45f95d",
    "src/addons/CMTV/Rules/Admin/View/Rule/Export.php": "da89cedbc1a79bec374f3cf1a4f60e2ee7b0087b5c22b5c19fbea56a3e539f24",
    "src/addons/CMTV/Rules/Constants.php": "bcd0b5e7e445352545ecfeb45bc5cd01e3901c19b4ef2adf19d0a83fe9594ac1",
    "src/addons/CMTV/Rules/Entity/Rule.php": "4ddd09b4f018eefa7165a0c3c08256a0ebd55159447d40ce6513dcb93633108c",
    "src/addons/CMTV/Rules/Entity/RuleCategory.php": "9377fb4f940966d526812f54da5d2aecdb0af7e3f0cebe338bf6dff872cb3e93",
    "src/addons/CMTV/Rules/Entity/TitleDescEntity.php": "374ef04a9e25235458165e19ccc9025c3e5cf8fb7b3043d82bbbac64fb255cfd",
    "src/addons/CMTV/Rules/Entity/TitleEntity.php": "6dfe7c8cd95d159d0f14ffa56a0ee21803e6022240bf6ca862595200650f9cf5",
    "src/addons/CMTV/Rules/Help/Rules.php": "7c6181b304e9f257fa04a88eb8c86b98f4a78d6f6d58996de4babc1c81d6f644",
    "src/addons/CMTV/Rules/Job/DeleteRules.php": "b7866a6a9da5e6422cb1063e2df94daa110f4ef07bc6da68fd09a02e291554c0",
    "src/addons/CMTV/Rules/Repository/Rule.php": "8d84d3eb092c82fbe77f803661d29aa9f3502a6d1779151337d7e588c1af7614",
    "src/addons/CMTV/Rules/Repository/RuleCategory.php": "d8c96f0dfeb06f4121f97ec2a9158e51085419ffd168720ee19068876a40a93e",
    "src/addons/CMTV/Rules/Service/Rule/Export.php": "097a6fa12fd54a284dedb71766f6117585a8069ed42ac1ea584ca45dc64ba820",
    "src/addons/CMTV/Rules/Service/Rule/Import.php": "4a40b30b6da5415811c921a240f1a9145e9919364a21f27d1a91fceeaa5fd7a7",
    "src/addons/CMTV/Rules/Setup.php": "ffbd41fd0cadb1a8c51e8f2258c7906c4aac9c952ee9deeda300955fb9068684",
    "src/addons/CMTV/Rules/_data/admin_navigation.xml": "335119c9f9f73e43d9b1015b2621135dc0b64707ce30483c20b57a25b4fd3e22",
    "src/addons/CMTV/Rules/_data/admin_permission.xml": "a1766749a230037730dc539eb2568a7aacb3cc0933348a7ca7a1f2d82933963f",
    "src/addons/CMTV/Rules/_data/advertising_positions.xml": "d2f7cbe844bb1df3cf878d22ff6306249245c8ff6b0b87b9b729744bec538261",
    "src/addons/CMTV/Rules/_data/api_scopes.xml": "6793eaf758f140e8137187ba20e65f4faccf53410433ae3ad7a8b3b38cb6b3b7",
    "src/addons/CMTV/Rules/_data/bb_codes.xml": "faa4ddd5f4a365e5ac39aebdcbe2d25aedf74e7eb9ea4a812766e2fd5e13bdb1",
    "src/addons/CMTV/Rules/_data/bb_code_media_sites.xml": "29762987990187b33e43cfb68c08dc917b2d3f0176613d78f8e6c453f82da3f3",
    "src/addons/CMTV/Rules/_data/class_extensions.xml": "1f548b8006e9952a3f5889f71e09fdfa6726ac1a47c1af7b2626d1a88920d5a4",
    "src/addons/CMTV/Rules/_data/code_events.xml": "8370dec3df47f91df4cf79da253446ad11b29f4ea568fe76c774e97a0379f0eb",
    "src/addons/CMTV/Rules/_data/code_event_listeners.xml": "d6b5072f4909dee7a20ee9e44b163f95c8aa52e6ac7f573e292000cd9238c331",
    "src/addons/CMTV/Rules/_data/content_type_fields.xml": "c7ad5472b28f465b7ac7617627707eba1b7a39d28089460d52e1ed292fc0b06a",
    "src/addons/CMTV/Rules/_data/cron.xml": "323c4284742ef24329cd6db6f288eb9736d2353f36852e1db12591e1583aea26",
    "src/addons/CMTV/Rules/_data/help_pages.xml": "087097fb15fba287af162d1179ea01bb5c2b5cf917bf84552a5ddfe533b537d9",
    "src/addons/CMTV/Rules/_data/member_stats.xml": "89fb2b93ff1eca7a1f6f752248edf6090dfd24037db1446fd18ff7143f08124d",
    "src/addons/CMTV/Rules/_data/navigation.xml": "f75e1c03a45a360bbdfcd0567121665082315068475d5b0feb8b1acbb1688651",
    "src/addons/CMTV/Rules/_data/options.xml": "1cea29aa5671733d85c8fc6f7c66128eacbca5643cbb38585eb82002879b51a4",
    "src/addons/CMTV/Rules/_data/option_groups.xml": "154d7a89664b243d0bd8227c22e241f934bf7e196c83230ee23d3c0c4fba1333",
    "src/addons/CMTV/Rules/_data/permissions.xml": "7e4fc7d5826733d15ea2d8936b9bdd41afcaad810eb38e50da3c8d8eafda1550",
    "src/addons/CMTV/Rules/_data/permission_interface_groups.xml": "3177224e96458b829aa7fb24866dda9e0455a4922aee3d669b53f59a1ffdf5d1",
    "src/addons/CMTV/Rules/_data/phrases.xml": "edcf369d74898ce3a3914ec3a7171595a3bc24a31b2ef34ab093e126d5a6d86a",
    "src/addons/CMTV/Rules/_data/routes.xml": "dcfffc1109029827ac6913ed1b91c553a49064dc7517e24a21829ffa6f158614",
    "src/addons/CMTV/Rules/_data/style_properties.xml": "f1eb172ba63348c6339805e468b623bb2fc77856794d6d57ceb39038fc246337",
    "src/addons/CMTV/Rules/_data/style_property_groups.xml": "68e1879cb3846c42d978487aa8d5145ff3335fc39e58016878824d5cf3fd684c",
    "src/addons/CMTV/Rules/_data/templates.xml": "7556f8907e37005961a5a470e8c3f1503695de2503b83cf529d94280a7bc60c1",
    "src/addons/CMTV/Rules/_data/template_modifications.xml": "82fb03b6b9fbc782b9bc8e94ef2eeb6f16663fa23573fe7c2bc6338d13d8923b",
    "src/addons/CMTV/Rules/_data/widget_definitions.xml": "37e46965256430f24004c2e7f08ba08f9b0d1cbcc4d70e84b3f4e3ffb713e64b",
    "src/addons/CMTV/Rules/_data/widget_positions.xml": "a29cee66134f6bc5d75ed9df1eef21096c24401915c5b5c774389c3d7bb2d5b3"
}